,Fullname,IsCenter,ID
0,铜陵有色金属集团股份有限公司,True,0
1,盛新锂能集团股份有限公司,True,1
2,新疆中泰化学股份有限公司,True,2
3,中建西部建设股份有限公司,True,3
4,新乡化纤股份有限公司,True,4
5,恒逸石化股份有限公司,True,5
6,冀中能源股份有限公司,True,6
7,东华能源股份有限公司,True,7
8,新疆天山水泥股份有限公司,True,8
9,浙江海亮股份有限公司,True,9
10,新兴铸管股份有限公司,True,10
11,北新集团建材股份有限公司,True,11
12,云南铜业股份有限公司,True,12
13,北方华锦化学工业股份有限公司,True,13
14,湖北宜化化工股份有限公司,True,14
15,山西焦煤能源集团股份有限公司,True,15
16,多氟多新材料股份有限公司,True,16
17,北京首钢股份有限公司,True,17
18,内蒙古大中矿业股份有限公司,True,18
19,鸿达兴业股份有限公司,True,19
20,瑞泰科技股份有限公司,True,20
21,山东中锐产业发展股份有限公司,True,21
22,宜宾天原集团股份有限公司,True,22
23,天齐锂业股份有限公司,True,23
24,金正大生态工程集团股份有限公司,True,24
25,深圳市中金岭南有色金属股份有限公司,True,25
26,山西美锦能源股份有限公司,True,26
27,广东德美精细化工集团股份有限公司,True,27
28,西部金属材料股份有限公司,True,28
29,淄博齐翔腾达化工股份有限公司,True,29
30,海南瑞泽新型建材股份有限公司,True,30
31,中国有色金属建设股份有限公司,True,31
32,大亚圣象家居股份有限公司,True,32
33,浙江久立特材科技股份有限公司,True,33
34,浙农集团股份有限公司,True,34
35,保利联合化工控股集团股份有限公司,True,35
36,中粮生物科技股份有限公司,True,36
37,山东太阳纸业股份有限公司,True,37
38,安徽江南化工股份有限公司,True,38
39,利尔化学股份有限公司,True,39
40,荣盛石化股份有限公司,True,40
41,奥瑞金科技股份有限公司,True,41
42,唐山冀东水泥股份有限公司,True,42
43,国城矿业股份有限公司,True,43
44,山西太钢不锈钢股份有限公司,True,44
45,山西蓝焰控股股份有限公司,True,45
46,江西黑猫炭黑股份有限公司,True,46
47,联化科技股份有限公司,True,47
48,江苏辉丰生物农业股份有限公司,True,48
49,广东宏大控股集团股份有限公司,True,49
50,甘肃上峰水泥股份有限公司,True,50
51,云南锡业股份有限公司,True,51
52,深圳诺普信作物科学股份有限公司,True,52
53,江西万年青水泥股份有限公司,True,53
54,云南铝业股份有限公司,True,54
55,江苏华昌化工股份有限公司,True,55
56,攀钢集团钒钛资源股份有限公司,True,56
57,河南神火煤电股份有限公司,True,57
58,湖南黄金股份有限公司,True,58
59,广东东方锆业科技股份有限公司,True,59
60,崇义章源钨业股份有限公司,True,60
61,中矿资源集团股份有限公司,True,61
62,中信泰富特钢集团股份有限公司,True,62
63,佛山佛塑科技集团股份有限公司,True,63
64,安徽楚江科技新材料股份有限公司,True,64
65,华油惠博普科技股份有限公司,True,65
66,中材科技股份有限公司,True,66
67,上海顺灏新材料科技股份有限公司,True,67
68,利民控股集团股份有限公司,True,68
69,甘肃能化股份有限公司,True,69
70,江苏东方盛虹股份有限公司,True,70
71,新洋丰农业科技股份有限公司,True,71
72,北京东方雨虹防水技术股份有限公司,True,72
73,四川发展龙蟒股份有限公司,True,73
74,四川国光农化股份有限公司,True,74
75,新大洲控股股份有限公司,True,75
76,沈阳化工股份有限公司,True,76
77,成都云图控股股份有限公司,True,77
78,山西同德化工股份有限公司,True,78
79,诚志股份有限公司,True,79
80,濮阳濮耐高温材料(集团)股份有限公司,True,80
81,齐峰新材料股份有限公司,True,81
82,河南恒星科技股份有限公司,True,82
83,深圳市科陆电子科技股份有限公司,True,83
84,招商局公路网络科技控股股份有限公司,True,84
85,厦门弘信电子科技集团股份有限公司,True,85
86,神州数码集团股份有限公司,True,86
87,利亚德光电股份有限公司,True,87
88,苏宁环球股份有限公司,True,88
89,铜陵有色金属集团控股有限公司,False,89
90,深圳盛屯集团有限公司,False,90
91,四川盛屯置业有限公司,False,91
92,新疆中泰(集团)有限责任公司,False,92
93,中建财务有限公司,False,93
94,新乡白鹭投资集团有限公司,False,94
95,浙江恒逸集团有限公司,False,95
96,冀中能源集团财务有限责任公司,False,96
97,马森能源(新加坡)有限公司,False,97
98,中国中材国际工程股份有限公司,False,98
99,海亮集团有限公司,False,99
100,新兴际华集团财务有限公司,False,100
101,中国建材集团财务有限公司,False,101
102,中国铜业有限公司,False,102
103,振华石油控股有限公司,False,103
104,锦州凌港实业发展有限公司,False,104
105,锦州港股份有限公司,False,105
106,青海宜化化工有限责任公司,False,106
107,山西焦煤集团财务有限责任公司,False,107
108,中国中建科创集团有限公司,False,108
109,中建国际建设有限公司,False,109
110,上海中泰多经国际贸易有限责任公司,False,110
111,焦作多氟多实业集团有限公司,False,111
112,广西宁芯聚锂投资合伙企业(有限合伙),False,112
113,首钢集团有限公司,False,113
114,众兴集团有限公司,False,114
115,兵器集团下属公司,False,115
116,内蒙古盐湖镁钾有限责任公司,False,116
117,乌海市海外建筑有限公司,False,117
118,广东兴业国际实业有限公司,False,118
119,中国国检测试控股集团股份有限公司,False,119
120,中建材集团进出口有限公司,False,120
121,凯盛科技集团有限公司,False,121
122,中材节能股份有限公司,False,122
123,中建材行业生产力促进中心有限公司,False,123
124,宁夏建材集团股份有限公司,False,124
125,中材高新材料股份有限公司,False,125
126,北方水泥有限公司,False,126
127,秦皇岛玻璃工业研究设计院有限公司,False,127
128,甘肃祁连山建材控股有限公司,False,128
129,成都海通川科技发展有限公司,False,129
130,中锐集团及下属公司,False,130
131,宜宾国际会展集团有限公司,False,131
132,四川三江汇海融资租赁有限公司,False,132
133,四川海云天智物联科技有限公司,False,133
134,四川港荣投资发展集团有限公司及其下属子公司,False,134
135,四川天原鑫华供应链科技有限公司,False,135
136,宜宾博原环境科技有限责任公司,False,136
137,四川九河电力股份有限公司,False,137
138,宜宾五粮液集团有限公司及其下属子公司,False,138
139,宜宾丝丽雅集团及其下属子公司,False,139
140,宜宾天原包装有限责任公司及下属子公司,False,140
141,宜宾市清源水务集团及其下属公司,False,141
142,宜宾市新兴产业投资集团有限公司,False,142
143,宜宾市公用事业服务集团有限公司及下属子公司,False,143
144,广东天原施莱特新材料有限公司,False,144
145,宜宾发展控股集团股份有限公司,False,145
146,四川金开泰城市经营管理有限公司,False,146
147,宜宾锂宝新材料及其下属公司,False,147
148,成都天齐实业(集团)有限公司,False,148
149,金丰公社农业服务有限公司及其子公司,False,149
150,广东广晟有色金属进出口有限公司,False,150
151,广东广晟有色金属集团有限公司,False,151
152,东江环保股份有限公司,False,152
153,华日轻金(深圳)有限公司,False,153
154,佛山电器照明股份有限公司,False,154
155,深圳市华加日金属制品有限公司,False,155
156,广东省广晟控股集团有限公司,False,156
157,宜化集团及其子公司,False,157
158,湖北大江化工集团有限公司及其子公司,False,158
159,内蒙古华电乌达热电有限公司,False,159
160,北京德锦供氢科技有限公司,False,160
161,北京璞锦科技有限公司,False,161
162,新汽有限公司,False,162
163,清徐县宏锦泉供水有限公司,False,163
164,山西美锦能源集团能源开发有限公司,False,164
165,鸿基创能科技(广州)有限公司,False,165
166,建华建材(山西)有限公司,False,166
167,山西隆辉煤气化有限公司,False,167
168,山西美锦钢铁有限公司及其关联方,False,168
169,美锦能源集团有限公司,False,169
170,山西晋美能源科技有限公司及其关联方,False,170
171,山西晋煤铁路物流有限公司,False,171
172,唐山唐钢美锦物流有限公司,False,172
173,山西美锦矿业投资管理有限公司,False,173
174,清徐泓博污水处理有限公司,False,174
175,北京奕为汽车科技有限公司,False,175
176,姚锦丽,False,176
177,上海翼迅创能新能源科技有限公司,False,177
178,山西五星水泥有限公司,False,178
179,山西昕锦轩玻璃制品有限公司,False,179
180,山西省美锦醋业股份有限公司,False,180
181,山西省美和居老陈醋有限公司,False,181
182,山西瑞赛科环保科技有限公司,False,182
183,山西坤盛源新型材料有限公司,False,183
184,山西国锦煤电有限公司,False,184
185,山西美锦再生资源有限公司,False,185
186,山西中科矿渣微粉制品有限公司,False,186
187,广东英农食品有限公司,False,187
188,江苏美思德化学股份有限公司,False,188
189,辽宁奥克化学股份有限公司(含控股子公司),False,189
190,佛山德盛天林股权投资合伙企业(有限合伙),False,190
191,佛山市顺德区德伟创科技有限公司,False,191
192,广东顺德农村商业银行股份有限公司,False,192
193,佛山市顺德区德和恒信投资管理有限公司,False,193
194,公司控股股东西北有色金属研究院及其控制的其他公司,False,194
195,西安西部新锆科技股份有限公司,False,195
196,西北有色金属研究及其控股子公司,False,196
197,贵州华金矿业有限公司,False,197
198,比亚迪及其子公司,False,198
199,淄博齐翔资产经营管理有限公司,False,199
200,天辰齐翔新材料有限公司,False,200
201,淄博新齐翔工业设备安装工程有限公司,False,201
202,Wechem international GMBH,False,202
203,Graphite Management Pte Ltd,False,203
204,三亚四季海庭酒店有限公司,False,204
205,河北雄安寨里混凝土有限公司,False,205
206,三亚瑞兴盛典旅游文化有限公司,False,206
207,三亚市海棠湾水稻国家公园开发有限公司,False,207
208,三亚玛瑞纳酒店有限公司,False,208
209,沈阳有色冶金设计研究有限公司,False,209
210,中国有色桂林矿产地质研究院有限公司,False,210
211,铁岭选矿药剂有限公司,False,211
212,赤峰富邦铜业有限责任公司,False,212
213,中国有色集团抚顺红透山矿业有限公司,False,213
214,中国有色集团刚果矿业有限公司,False,214
215,谦比希铜冶炼有限公司,False,215
216,中国瑞林工程技术股份有限公司,False,216
217,中色国际贸易有限公司,False,217
218,中国十五冶金建设集团有限公司,False,218
219,湖北金格实业发展有限公司,False,219
220,湖北中色矿山工程技术有限公司,False,220
221,科万古普有限责任公司,False,221
222,鑫诚建设监理咨询有限公司,False,222
223,东北大学设计研究院(有限公司),False,223
224,十五冶建筑工程(印尼)有限公司,False,224
225,中色非洲矿业有限公司,False,225
226,中色华鑫湿法冶炼股份有限公司,False,226
227,中色发展投资有限公司,False,227
228,赞比亚中国经济贸易合作区发展有限公司,False,228
229,赞比亚谦比希湿法冶炼有限公司,False,229
230,中色卢安夏铜业有限公司,False,230
231,中色华鑫马本德矿业股份有限公司,False,231
232,江苏美诗整体家居有限公司,False,232
233,大亚整装智慧家居(福建)有限公司,False,233
234,江苏合雅木门有限公司,False,234
235,江苏大亚新型包装材料有限公司,False,235
236,福建鲲鹏供应链管理有限公司,False,236
237,江苏大亚滤嘴材料有限公司,False,237
238,江苏大亚家居有限公司,False,238
239,大亚车轮制造有限公司,False,239
240,江苏大亚家具有限公司,False,240
241,大亚智慧家居(江苏)有限公司及其子公司,False,241
242,大亚科技集团有限公司,False,242
243,永兴特种材料科技股份有限公司,False,243
244,湖州久立不锈钢材料有限公司,False,244
245,浙江省兴合集团有限责任公司及其下属企业,False,245
246,浙江省台州市农资股份有限公司,False,246
247,赤峰三方农业科技有限公司,False,247
248,金华苗知地知农业科技有限公司,False,248
249,安徽盐湖辉隆南方贸易有限公司,False,249
250,广西富岛农业生产资料有限公司,False,250
251,日本石原产业株式会社,False,251
252,山西沃锦新材料股份有限公司,False,252
253,山西常晟贸易有限公司,False,253
254,绍兴市上虞区惠多利农资有限公司,False,254
255,灵谷化工集团有限公司,False,255
256,贵州保久安防集团有限公司,False,256
257,保利民爆科技集团股份有限公司,False,257
258,保利久联控股集团有限责任公司,False,258
259,有色控股及其所属公司,False,259
260,铜陵金山油品有限责任公司,False,260
261,铜陵铜冠环保科技有限公司,False,261
262,安徽铜冠有色金属(池州)有限责任公司,False,262
263,铜陵有色金属集团铜冠建筑安装股份限公司,False,263
264,铜陵有色金属集团铜冠物资有限公司,False,264
265,EcuaCorriente S.A.,False,265
266,铜陵有色金属集团铜冠矿山建设股份有限公司,False,266
267,中粮集团有限公司下属单位,False,267
268,财务公司,False,268
269,冀中能源邯郸矿业集团有限公司,False,269
270,冀中能源峰峰集团有限公司,False,270
271,冀中能源邢台矿业集团有限责任公司,False,271
272,冀中能源机械装备集团有限公司,False,272
273,邢台章泰矿业有限公司,False,273
274,冀中能源张家口矿业集团有限公司,False,274
275,冀中能源集团金牛贸易有限公司,False,275
276,冀中能源集团有限责任公司,False,276
277,河北物流集团金属材料有限公司,False,277
278,河北充填采矿技术有限公司,False,278
279,邢台德旺矿业有限公司,False,279
280,华药集团,False,280
281,华北医疗健康产业集团有限公司,False,281
282,邯郸市陶一矿业有限公司,False,282
283,井矿集团,False,283
284,华北制药股份有限公司,False,284
285,邢台金隅咏宁水泥有限公司,False,285
286,揭阳酒店,False,286
287,山东万国太阳食品包装材料有限公司,False,287
288,广西太阳纸业纸板有限公司,False,288
289,山东国际纸业太阳纸板有限公司,False,289
290,万国纸业太阳白卡纸有限公司,False,290
291,山东圣德国际酒店有限公司,False,291
292,兵工财务有限责任公司,False,292
293,四川久远化工技术有限公司,False,293
294,浙江荣盛控股集团有限公司,False,294
295,SaudiArabian Oil Company,False,295
296,浙江逸盛石化有限公司,False,296
297,中粮包装控股有限公司,False,297
298,海南金色阳光酒业有限公司,False,298
299,北京澳华阳光酒业有限公司,False,299
300,快捷健电子商务有限公司,False,300
301,上海汇茂融资租赁有限公司,False,301
302,江苏沃田集团股份有限公司,False,302
303,上海犀旺饮料有限公司,False,303
304,元阳(上海)食品有限公司,False,304
305,北京金隅集团股份有限公司及下属公司,False,305
306,察哈尔右翼前旗博海矿业有限公司,False,306
307,太原钢铁(集团)有限公司,False,307
308,太钢集团部分子公司,False,308
309,宝武集团部分子公司,False,309
310,山西新钢联金属材料发展有限公司,False,310
311,山西太钢哈斯科科技有限公司,False,311
312,山西宝太新金属开发有限公司,False,312
313,宝武水务科技股份有限公司,False,313
314,上海宝信软件股份有限公司,False,314
315,山西太钢工程技术有限公司,False,315
316,山西阿克斯太钢轧辊有限公司,False,316
317,欧冶工业品股份有限公司,False,317
318,宝钢德盛不锈钢有限公司,False,318
319,欧冶链金再生资源有限公司,False,319
320,宁波宝新不锈钢有限公司,False,320
321,欧冶云商股份有限公司,False,321
322,马钢(集团)控股有限公司,False,322
323,太原钢铁(集团)林德气体有限公司,False,323
324,烟台鲁宝钢管有限责任公司,False,324
325,太原重工轨道交通设备有限公司,False,325
326,晋能控股装备制造集团有限公司,False,326
327,华新燃气集团有限公司,False,327
328,景德镇市焦化能源有限公司,False,328
329,乌海时联环保科技有限责任公司,False,329
330,山东时联黑猫新材料有限公司,False,330
331,黑猫集团下属其他关联方,False,331
332,江西开门子肥业股份有限公司,False,332
333,江西联源物流有限公司,False,333
334,新昌南炼焦化工有限责任公司,False,334
335,浙江中科创越药业有限公司,False,335
336,江苏郁金香旅游开发有限公司,False,336
337,安道麦股份有限公司,False,337
338,云浮广业硫铁矿集团有限公司,False,338
339,广东广业石油天然气有限公司,False,339
340,广东联合民爆有限公司,False,340
341,广东省国际工程咨询有限公司,False,341
342,福建宏大时代新能源科技有限公司,False,342
343,广东省广业培训学院有限公司,False,343
344,宏大君合科技有限公司,False,344
345,广东广业云硫矿业有限公司,False,345
346,广东省环保集团有限公司,False,346
347,浙江上峰控股集团有限公司,False,347
348,浙江南方水泥有限公司,False,348
349,中国建材集团有限公司及其所属公司,False,349
350,云南锡业锡化工材料有限公司,False,350
351,云南锡业集团(控股)有限责任公司,False,351
352,云南锡业新材料有限公司,False,352
353,云南锡业集团有限责任公司,False,353
354,云南锡业集团物流有限公司,False,354
355,云锡澳大利亚TDK资源公司,False,355
356,广东广垦太证农业供给侧股权投资基金合伙企业(有限合伙),False,356
357,马森能源(南京)有限公司,False,357
358,MATHESON ENERGY PTE LTD,False,358
359,金湖县金达企业管理有限公司,False,359
360,泰兴市瓶安到家燃气有限公司,False,360
361,张家港市洁能燃气有限公司,False,361
362,马森能源(茂名)有限公司,False,362
363,"KEEGAN SHIPPING HOLDING PTE,LTD.",False,363
364,宝应宝莲能源有限公司,False,364
365,胜帮(杭州)能源供应链有限公司,False,365
366,马森能源(张家港)有限公司,False,366
367,马森能源(太仓)有限公司,False,367
368,马森(宁海)包装材料有限公司,False,368
369,马森液化气贸易(宁波)有限公司,False,369
370,海南逸盛石化有限公司,False,370
371,逸盛大化石化有限公司,False,371
372,杭州逸宸化纤有限公司,False,372
373,浙江巴陵恒逸己内酰胺有限责任公司,False,373
374,绍兴柯桥恒鸣化纤有限公司,False,374
375,浙江恒逸锦纶有限公司,False,375
376,海宁恒骐环保科技有限公司,False,376
377,杭州巴逸能源有限公司,False,377
378,浙江逸盛新材料有限公司,False,378
379,江西省非金属矿工业有限公司,False,379
380,江西万华环保材料有限公司,False,380
381,江西水泥有限责任公司,False,381
382,江西省建材科研设计院有限公司,False,382
383,江西恒立新型建材有限责任公司,False,383
384,江西璞晶新材料有限公司,False,384
385,中国铝业股份有限公司青海分公司,False,385
386,安徽华聚新材料有限公司,False,386
387,中国有色金属工业第六冶金建设有限公司,False,387
388,中油中铝(大连)石油化工有限公司,False,388
389,昆明冶金研究院有限公司,False,389
390,云南驰宏资源综合利用有限公司,False,390
391,中铝国际(天津)建设有限公司限公司,False,391
392,四川里伍铜业股份有限公司,False,392
393,中铝秘鲁铜业公司,False,393
394,中铝物流集团有限公司,False,394
395,中铜(昆明)铜业有限公司,False,395
396,中铝物流集团中州有限公司,False,396
397,中国有色金属工业昆明勘察设计研究院有限公司,False,397
398,中国云南国际经济技术合作有限公司,False,398
399,香港鑫晟贸易有限公司,False,399
400,九龙县雅砻江矿业有限责任公司,False,400
401,中铝工业服务有限公司,False,401
402,中铝集团及其他所属企业,False,402
403,中铝物流集团重庆有限公司,False,403
404,云南铜业科技发展股份有限公司,False,404
405,青海鸿鑫矿业有限公司,False,405
406,云南云铜锌业股份有限公司,False,406
407,中铜华中铜业有限公司,False,407
408,中铝洛阳铜加工有限公司,False,408
409,凉山矿业股份有限公司,False,409
410,玉溪晨兴矿冶科技开发有限公司,False,410
411,河南华顺天成科技有限公司,False,411
412,河南长兴实业有限公司,False,412
413,云南铜业矿产资源勘查开发有限公司,False,413
414,长沙有色冶金设计研究院有限公司,False,414
415,云南思茅山水铜业有限公司,False,415
416,其他关联方,False,416
417,新疆中泰(集团)有限责任公司及其下属子公司,False,417
418,江苏江锅智能装备股份有限公司,False,418
419,淮安华昌固废处置有限公司,False,419
420,攀钢集团攀枝花聚钛科技有限公司,False,420
421,攀钢集团矿业有限公司,False,421
422,四川攀研技术有限公司,False,422
423,攀钢集团西昌钢钒有限公司,False,423
424,攀钢集团攀枝花钢钒有限公司,False,424
425,攀钢集团攀枝花新白马矿业有限责任公司,False,425
426,鞍钢股份有限公司,False,426
427,攀港有限公司,False,427
428,攀钢集团(攀枝花)钛金属材料有限公司,False,428
429,其他同受公司实际控制人控制的公司,False,429
430,伊宁县新兴农林综合开发专业合作社,False,430
431,际华三五四二纺织有限公司,False,431
432,南京际华三五二一环保科技有限公司,False,432
433,际华三五二二装具饰品有限公司,False,433
434,际华三五一一实业有限公司,False,434
435,天津金汇药业集团有限公司,False,435
436,秦皇岛际华三五四四鞋业有限公司,False,436
437,南京际华五三零二服饰装具有限责任公司,False,437
438,新兴际华集团有限公司,False,438
439,际华三五三六实业有限公司,False,439
440,际华三五一五皮革皮鞋有限公司,False,440
441,新兴际华伊犁农牧科技发展有限公司,False,441
442,察布查尔锡伯自治县新兴养殖专业合作社,False,442
443,新兴际华(兰州)再生资源有限公司,False,443
444,际华三五一七橡胶制品有限公司,False,444
445,新兴际华黄石现代物流有限公司,False,445
446,新兴河北冶金资源有限公司,False,446
447,沧州新兴新材料有限公司,False,447
448,邯郸赵王宾馆有限公司,False,448
449,际华三五零二职业装有限公司,False,449
450,新兴凌云医药化工有限公司,False,450
451,新兴重工(邯郸)物流有限公司,False,451
452,新兴能源装备股份有限公司,False,452
453,芜湖晥新万汇置业有限责任公司,False,453
454,新兴际华(北京)科贸有限责任公司,False,454
455,河南神火集团有限公司,False,455
456,河南神火集团新利达有限公司及其子公司,False,456
457,河南神火建筑安装工程有限公司,False,457
458,湖南中南黄金冶炼有限公司,False,458
459,湖南有色环保研究院有限公司,False,459
460,湖南黄金天岳矿业有限公司,False,460
461,湖南黄金集团有限责任公司,False,461
462,湖南黄金集团资产管理有限公司,False,462
463,龙佰集团股份有限公司,False,463
464,Image Resources NL,False,464
465,KBM Corporation,False,465
466,西安华山钨制品有限公司,False,466
467,"S&S Resources International Co., Limited",False,467
468,中信节能技术(北京)有限公司,False,468
469,中国中信股份有限公司下属其他公司,False,469
470,江苏利电航运有限公司,False,470
471,中信泰富(上海)物业管理有限公司,False,471
472,中信云网有限公司,False,472
473,中企网络通信技术有限公司上海分公司,False,473
474,洛阳中重建筑安装工程有限责任公司,False,474
475,天津钢管制造有限公司,False,475
476,中信重工(洛阳)节能技术工程有限公司,False,476
477,湖北新冶钢有限公司,False,477
478,湖北中航冶钢特种钢材有限公司,False,478
479,江阴兴澄马科托钢球有限公司,False,479
480,中信泰富特钢投资有限公司,False,480
481,靖江新朗新能源有限公司,False,481
482,黄石新兴管业有限公司,False,482
483,国营山西锻造厂,False,483
484,天津钢管钢铁贸易有限公司,False,484
485,中信重工机械股份有限公司,False,485
486,中信金属股份有限公司,False,486
487,中信金属香港有限公司,False,487
488,中信泰富有限公司,False,488
489,青岛钢铁房地产开发有限公司,False,489
490,青岛桑尼新能源有限公司,False,490
491,江阴泰能新能源开发有限公司,False,491
492,上海殷诚信息技术服务有限公司,False,492
493,天津钢管国际经济贸易有限公司,False,493
494,江苏天淮钢管有限公司,False,494
495,中信锦州金属股份有限公司,False,495
496,中信金属宁波能源有限公司,False,496
497,SINO IRON PTY LTD.,False,497
498,中信重工工程技术有限责任公司,False,498
499,黑河市恒基水泥有限责任公司,False,499
500,临沂中联水泥有限公司,False,500
501,北京市贝达通科技有限公司,False,501
502,山东国材工程有限公司,False,502
503,中材高新氮化物陶瓷有限公司,False,503
504,中材人工晶体研究院有限公司,False,504
505,江西中材新材料有限公司,False,505
506,中材江西电瓷电气有限公司,False,506
507,中材人工晶体研究院(山东)有限公司,False,507
508,山东工业陶瓷研究设计院有限公司,False,508
509,龙牌圣戈班(河南)石膏建材有限公司,False,509
510,梦牌新材料(平邑)有限公司,False,510
511,丽江古城西南水泥有限公司,False,511
512,上海张堰南方水泥有限公司,False,512
513,上海宝业混凝土有限公司,False,513
514,三门峡腾跃同力水泥有限公司,False,514
515,曲阜中联混凝土有限公司,False,515
516,青州中联水泥有限公司,False,516
517,濮阳同力水泥有限公司,False,517
518,北新集团坦桑尼亚有限公司,False,518
519,沛县铸本混凝土有限公司,False,519
520,讷河北方水泥有限公司,False,520
521,南京中联水泥有限公司,False,521
522,牡丹江北方水泥有限公司,False,522
523,绵阳市民兴商品混凝土有限公司,False,523
524,陇南祁连山水泥有限公司,False,524
525,龙江北方水泥有限公司,False,525
526,农安北方水泥有限公司,False,526
527,中建材国际贸易有限公司,False,527
528,中材株洲虹波有限公司,False,528
529,中国建材检验认证集团苏州有限公司,False,529
530,德安县南方新材料有限公司,False,530
531,德清南方水泥有限公司,False,531
532,德州中联大坝水泥有限公司,False,532
533,东平中联水泥有限公司,False,533
534,肥西南方水泥有限公司,False,534
535,福建三明南方水泥有限公司,False,535
536,达州利森水泥有限公司,False,536
537,抚州市东乡区南方新材料有限公司,False,537
538,广德新杭南方水泥有限公司,False,538
539,广西金鲤水泥有限公司,False,539
540,广元市高力水泥实业有限公司,False,540
541,桂林南方水泥有限公司,False,541
542,含山南方水泥有限公司,False,542
543,杭州临安南方水泥有限公司,False,543
544,古浪祁连山水泥有限公司,False,544
545,上海中建水泥制品有限公司,False,545
546,常山南方水泥有限公司,False,546
547,北京中联新航建材有限公司,False,547
548,天津水泥工业设计研究院有限公司,False,548
549,湖州南方水泥销售有限公司,False,549
550,中建材物资有限公司,False,550
551,重庆綦江西南水泥有限公司,False,551
552,长兴南方水泥有限公司,False,552
553,安徽广德洪山南方水泥有限公司,False,553
554,安徽郎溪南方水泥有限公司,False,554
555,安县中联水泥有限公司,False,555
556,安阳中联水泥有限公司,False,556
557,巴彦淖尔中联水泥有限公司,False,557
558,白城北方水泥有限公司,False,558
559,蚌埠中联水泥有限公司,False,559
560,安徽广德南方水泥有限公司,False,560
561,杭州山亚南方水泥有限公司,False,561
562,韶关市粤北工业开发区建成混凝土有限公司,False,562
563,四川峨眉山西南水泥有限公司,False,563
564,中国国检测试控股集团山东有限公司,False,564
565,中建材信云智联科技有限公司,False,565
566,北新弹性地板有限公司,False,566
567,武汉理工光科股份有限公司,False,567
568,中国国检测试控股集团浙江有限公司,False,568
569,赛马物联科技(宁夏)有限公司,False,569
570,盘锦山水水泥有限公司,False,570
571,中国中材进出口有限公司,False,571
572,中材集团科技开发中心有限公司,False,572
573,合肥中亚环保科技有限公司,False,573
574,国检测试控股集团(安徽)拓维检测服务有限公司,False,574
575,苏州非金属矿工业设计研究院有限公司,False,575
576,北新建材集团有限公司,False,576
577,浙江中研机电技术有限公司,False,577
578,河南中材环保有限公司,False,578
579,苏州国建慧投矿物新材料有限公司,False,579
580,安徽省建筑材料科学技术研究所有限公司,False,580
581,贵州福泉西南水泥有限公司,False,581
582,中联装备集团北新机械有限公司,False,582
583,中国国检测试控股集团海南有限公司,False,583
584,邢台中联水泥有限公司,False,584
585,邢台中联混凝土有限公司,False,585
586,新乡平原同力水泥有限责任公司,False,586
587,响水中联水泥有限公司,False,587
588,夏河祁连山安多水泥有限公司,False,588
589,翁源县中源发展有限公司,False,589
590,宣城南方水泥有限公司,False,590
591,通辽中联水泥有限公司,False,591
592,泰安中联混凝土有限公司,False,592
593,睢宁铸本混凝土工程有限公司,False,593
594,宿州中联水泥有限公司,False,594
595,苏州相城南方混凝土有限公司,False,595
596,松原北方水泥有限公司,False,596
597,四平北方水泥有限公司,False,597
598,泰安中联水泥有限公司,False,598
599,四川成实天鹰水泥有限公司,False,599
600,宜兴天山水泥有限责任公司,False,600
601,云南远东水泥有限责任公司,False,601
602,泰山玻璃纤维有限公司,False,602
603,宁国市开源电力耐磨材料有限公司,False,603
604,南京玻璃纤维研究设计院有限公司,False,604
605,中国巨石股份有限公司,False,605
606,华坪县定华能源建材有限责任公司,False,606
607,云南澄江华荣水泥有限责任公司,False,607
608,云南宜良西南水泥有限公司,False,608
609,重庆铜梁西南水泥有限公司,False,609
610,中建材新材料有限公司,False,610
611,中材湘潭水泥有限责任公司,False,611
612,中材常德水泥有限责任公司,False,612
613,浙江钱塘港口物流有限公司,False,613
614,漳县祁连山水泥有限公司,False,614
615,重庆万州西南水泥有限公司,False,615
616,黑龙江省宾州水泥有限公司,False,616
617,杭州新桐建材有限公司,False,617
618,湖南宁乡南方水泥有限公司,False,618
619,枣庄中联混凝土有限公司,False,619
620,云南永保特种水泥有限责任公司,False,620
621,云南兴建水泥有限公司,False,621
622,云南师宗西南水泥有限公司,False,622
623,云南普洱西南水泥有限公司,False,623
624,云南普洱天恒水泥有限责任公司,False,624
625,云南芒市西南水泥有限公司,False,625
626,云南富源西南水泥有限公司,False,626
627,榆树北方水泥有限公司,False,627
628,永登祁连山水泥有限公司,False,628
629,沂南中联水泥有限公司,False,629
630,徐州中联水泥有限公司,False,630
631,新泰中联泰丰水泥有限公司,False,631
632,新疆米东天山水泥有限责任公司,False,632
633,新疆和静天山水泥有限责任公司,False,633
634,无锡天山水泥有限公司,False,634
635,四川泰昌建材集团有限公司,False,635
636,四川雅安西南水泥有限公司,False,636
637,泗县中联水泥有限公司,False,637
638,苏州中材建设有限公司,False,638
639,绥化北方水泥有限公司,False,639
640,枣庄中联水泥有限公司,False,640
641,泰山中联水泥有限公司,False,641
642,桐庐南方水泥有限公司,False,642
643,吐鲁番天山水泥有限责任公司,False,643
644,汪清北方水泥有限公司,False,644
645,旺苍川煤水泥有限责任公司,False,645
646,乌海市西水水泥有限责任公司,False,646
647,乌兰察布中联水泥有限公司,False,647
648,滕州中联水泥有限公司,False,648
649,张掖祁连山水泥有限公司,False,649
650,浙江浦嘉混凝土制品有限公司,False,650
651,浙江跃通建筑材料有限公司,False,651
652,德惠北方水泥有限公司,False,652
653,登封中联登电水泥有限公司,False,653
654,邓州中联水泥有限公司,False,654
655,东光中联水泥有限公司,False,655
656,东营中联混凝土有限公司,False,656
657,阜阳中联水泥有限公司,False,657
658,大连金刚天马水泥有限公司,False,658
659,富民金锐水泥建材有限责任公司,False,659
660,海盐秦山南方水泥有限公司,False,660
661,汉中中材混凝土有限公司,False,661
662,合肥中材混凝土有限公司,False,662
663,河南省豫鹤同力水泥有限公司,False,663
664,菏泽中联水泥有限公司,False,664
665,黑河关鸟河水泥有限责任公司,False,665
666,海盐南方水泥有限公司,False,666
667,四川省兆迪水泥有限责任公司,False,667
668,湖南安乡南方水泥有限公司,False,668
669,成县祁连山水泥有限公司,False,669
670,中材安徽水泥有限公司,False,670
671,中材汉江水泥股份有限公司,False,671
672,中材亨达水泥有限公司,False,672
673,中材罗定水泥有限公司,False,673
674,中材天山(云浮)水泥有限公司,False,674
675,中材天山(珠海)水泥有限公司,False,675
676,崇左南方水泥有限公司,False,676
677,中材株洲水泥有限责任公司,False,677
678,重庆长寿西南水泥有限公司,False,678
679,诸暨众阳混凝土有限公司,False,679
680,驻马店市同力骨料有限公司,False,680
681,驻马店市豫龙同力水泥有限公司,False,681
682,北川中联水泥有限公司,False,682
683,中建材中岩科技有限公司,False,683
684,合肥南方水泥有限公司,False,684
685,湖南常德南方新材料科技有限公司,False,685
686,湖南韶峰南方水泥有限公司,False,686
687,乐昌市中建材水泥有限公司,False,687
688,辽源北方水泥有限公司,False,688
689,辽源渭津金刚水泥有限公司,False,689
690,临沂中联混凝土有限公司,False,690
691,鲁南中联水泥有限公司,False,691
692,罗江利森水泥有限公司,False,692
693,凯盛重工有限公司,False,693
694,洛浦天山水泥有限责任公司,False,694
695,绵阳市航实建材有限公司,False,695
696,南京中联混凝土有限公司,False,696
697,南阳中联水泥有限公司,False,697
698,宁夏中宁赛马水泥有限公司,False,698
699,攀枝花攀煤水泥制品有限公司,False,699
700,平湖南方水泥有限公司,False,700
701,洛阳黄河同力水泥有限责任公司,False,701
702,湖南浏阳南方水泥有限公司,False,702
703,莒县中联水泥有限公司,False,703
704,江西玉山南方水泥有限公司,False,704
705,淮海中联水泥有限公司,False,705
706,会东利森水泥有限公司,False,706
707,济宁任城中联水泥有限公司,False,707
708,济宁中联混凝土有限公司,False,708
709,佳木斯北方水泥有限公司,False,709
710,嘉华特种水泥股份有限公司,False,710
711,金乡中联混凝土有限公司,False,711
712,嘉善南方水泥有限公司,False,712
713,嘉兴新丰南方混凝土有限公司,False,713
714,建德南方水泥有限公司,False,714
715,江西丰城南方水泥有限公司,False,715
716,江西芦溪南方水泥有限公司,False,716
717,江西南城南方水泥有限公司,False,717
718,江西上高南方水泥有限公司,False,718
719,嘉善天凝南方水泥有限公司,False,719
720,青岛中联混凝土工程有限公司,False,720
721,平邑中联水泥有限公司,False,721
722,日照中联港口水泥有限公司,False,722
723,石家庄嘉华特种工程材料有限公司,False,723
724,四川德胜集团水泥有限公司,False,724
725,四川国大水泥有限公司,False,725
726,四川华蓥西南水泥有限公司,False,726
727,四川利森建材集团有限公司,False,727
728,四川利森建材有限公司,False,728
729,曲靖市宣威宇恒水泥有限公司,False,729
730,四川利万步森水泥有限公司,False,730
731,四川省绵竹澳东水泥有限责任公司,False,731
732,四川省女娲建材有限公司,False,732
733,湖州兴浦南方水泥有限公司,False,733
734,湖州南方物流有限公司,False,734
735,湖州槐坎南方水泥有限公司,False,735
736,湖南桃江南方水泥有限公司,False,736
737,四川省皓宇水泥有限责任公司,False,737
738,上海金山南方水泥有限公司,False,738
739,韶关市三创混凝土有限公司,False,739
740,淮北南坪中联水泥有限公司,False,740
741,乳源瑶族自治县嘉旺商品混凝土搅拌有限公司,False,741
742,瑞昌市廊道运输有限公司,False,742
743,兰州祁连山混凝土工程有限公司,False,743
744,开原水泥有限责任公司,False,744
745,巨野中联混凝土有限公司,False,745
746,若羌天山水泥有限责任公司,False,746
747,江西新余南方建材有限公司,False,747
748,金刚(集团)白山水泥有限公司,False,748
749,江苏铸本众鑫混凝土工程有限公司,False,749
750,江苏中联铸本混凝土有限公司,False,750
751,江苏双龙集团有限公司,False,751
752,江苏横山南方水泥有限公司,False,752
753,嘉兴南湖南方水泥有限公司,False,753
754,嘉善县银马混凝土有限公司,False,754
755,江西南昌南方水泥有限公司,False,755
756,滁州中联水泥有限公司,False,756
757,广东省广新创新研究院有限公司,False,757
758,佛山杜邦鸿基薄膜有限公司,False,758
759,广东省医药保健品进出口有限公司,False,759
760,佛山纬达光电材料股份有限公司,False,760
761,宁波杜邦帝人鸿基薄膜公司,False,761
762,佛山市金辉高科光电材料有限公司,False,762
763,广东省广告集团股份有限公司,False,763
764,广东广新企业运营管理有限公司,False,764
765,金沃国际融资租赁有限公司,False,765
766,芜湖海森再生资源利用有限公司,False,766
767,安徽楚江再生资源有限公司,False,767
768,安徽楚江新材料产业研究院有限公司,False,768
769,芜湖森源工贸发展有限公司,False,769
770,中国建筑第五工程局有限公司,False,770
771,中国建筑第六工程局有限公司,False,771
772,中国建筑第八工程局有限公司,False,772
773,中国建筑第七工程局有限公司,False,773
774,中海物业管理有限公司,False,774
775,中国建筑第三工程局有限公司,False,775
776,中建机械有限公司,False,776
777,安徽海螺水泥股份有限公司,False,777
778,中海振兴(成都)物业发展有限公司,False,778
779,中国建筑集团有限公司,False,779
780,中国建筑一局(集团)有限公司,False,780
781,中国建筑西南设计研究院有限公司,False,781
782,中国海外集团有限公司,False,782
783,中国建筑第二工程局有限公司,False,783
784,安徽国租供应链有限公司,False,784
785,成都空港产城绿建建材有限公司,False,785
786,四川西建山推物流有限公司,False,786
787,四川西建中和机械有限公司,False,787
788,中建新疆建工(集团)有限公司,False,788
789,贵州中建建筑科研设计院有限公司,False,789
790,中国建筑第四工程局有限公司,False,790
791,中建科技集团有限公司,False,791
792,中建交通建设集团有限公司,False,792
793,四川国恒信检测认证技术有限公司,False,793
794,中建铁路投资建设集团有限公司,False,794
795,中建长江建设投资有限公司,False,795
796,中国建筑装饰集团有限公司,False,796
797,新疆中建环能北庭环保科技有限公司,False,797
798,成都倍特绿色建材有限公司,False,798
799,中国建筑东北设计研究院有限公司,False,799
800,海南新盛绿色建材有限公司,False,800
801,中建三局建筑科技荆门有限公司,False,801
802,中建三局建筑科技湖北有限公司,False,802
803,云南机场建设发展有限公司,False,803
804,重庆中建海龙两江建筑科技有限公司,False,804
805,中建科工集团有限公司,False,805
806,中国建筑西南勘察设计研究院有限公司,False,806
807,中建国际投资集团有限公司,False,807
808,中国建筑股份有限公司阿尔及利亚公司,False,808
809,中建港航局集团有限公司,False,809
810,中建安装集团有限公司,False,810
811,中建方程投资发展集团有限公司,False,811
812,中建铝新材料有限公司,False,812
813,长沙水业集团有限公司及其子公司,False,813
814,新疆天山股份有限公司及其控股子公司,False,814
815,中建材投资有限公司及其控股子公司,False,815
816,中复神鹰碳纤维股份有限公司及其控股子公司,False,816
817,中国中材国际工程股份有限公司及其控股子公司,False,817
818,元亨利云印刷科技(上海)有限公司,False,818
819,玉溪环球彩印纸盒有限公司,False,819
820,江苏新河农用化工有限公司,False,820
821,靖煤公司及其下属企业,False,821
822,靖煤集团及下属企业,False,822
823,兰州煤矿设计研究院有限责任公司,False,823
824,靖煤集团及其下属企业,False,824
825,甘肃金能科源工贸有限责任公司,False,825
826,瑞赛可循环及下属企业,False,826
827,甘肃绿锦环保功能材料技术有限公司,False,827
828,甘肃煤炭交易中心有限公司,False,828
829,甘肃瑞赛可兴元铁合金有限责任公司,False,829
830,甘肃派仕得矿井充填科技有限责任公司,False,830
831,甘肃刘化(集团)有限责任公司,False,831
832,甘肃能化金昌能源化工开发有限公司,False,832
833,首钢集团有限公司及子公司,False,833
834,巴彦淖尔市金沣焦化有限责任公司,False,834
835,连云港虹洋热电有限公司,False,835
836,湖北众为钙业有限公司,False,836
837,湖北昌达化工有限责任公司,False,837
838,荆门市放马山中磷矿业有限公司,False,838
839,建水县天华山果蔬商贸有限公司,False,839
840,广西新洋丰田园农业科技有限公司,False,840
841,北京高能时代环境技术股份有限公司,False,841
842,四川发展天瑞矿业有限公司,False,842
843,四川龙蟒磷制品股份有限公司,False,843
844,成都国泰弘盛商业管理有限公司,False,844
845,四川龙蟒福生科技有限责任公司,False,845
846,焦煤集团及其子公司(不含山焦西山及其子公司),False,846
847,山西焦煤集团国际贸易有限责任公司,False,847
848,山焦西山及其子公司,False,848
849,汾西矿业矿山设备管理中心,False,849
850,山西国运及其子公司,False,850
851,山焦销售日照有限公司,False,851
852,山西汾西矿业集团有限责任公司,False,852
853,山西焦化集团有限公司,False,853
854,山西焦煤华兴能源科技有限公司,False,854
855,山西焦煤集团金土地农业开发有限公司,False,855
856,山西焦煤集团煤焦销售有限公司,False,856
857,山西焦煤物流有限责任公司,False,857
858,山西华光发电有限责任公司,False,858
859,山西焦煤财务公司,False,859
860,山西国运其他子公司,False,860
861,山煤国际,False,861
862,山西焦煤集团国际发展股份有限公司,False,862
863,山西地方电力有限公司,False,863
864,山西西山金城建筑有限公司,False,864
865,山西孝柳铁路有限责任公司,False,865
866,山焦西山机电厂,False,866
867,西山建筑工程集团,False,867
868,山西武沁铁路有限公司,False,868
869,山西山安蓝天节能科技有限公司,False,869
870,山西西山金信建筑有限公司,False,870
871,四川依贝智能装备有限公司,False,871
872,宝武集团财务有限责任公司,False,872
873,宜昌邦普宜化新材料有限公司,False,873
874,马鸿瀚,False,874
875,王晓宁,False,875
876,孟宪伟,False,876
877,刘靖宇,False,877
878,铜陵有色金属集团上海投资贸易有限公司,False,878
879,苏州睿畅投资管理有限公司,False,879
880,上海首钢钢铁贸易有限公司,False,880
881,宁波首钢浙金钢材有限公司,False,881
882,首钢(青岛)钢业有限公司,False,882
883,宝武环科山西资源循环利用有限公司,False,883
884,有色财务公司,False,884
885,长沙水业集团有限公司,False,885
886,沈阳石蜡化工有限公司,False,886
887,沈阳化工集团有限公司,False,887
888,鸿达兴业集团有限公司及其下属子公司,False,888
889,黑猫集团及下属其他关联方,False,889
890,中锐集团及其关联方,False,890
891,中锐控股集团有限公司,False,891
892,宜宾发展控股集团有限公司,False,892
893,宜宾建投集团资产运营有限公司,False,893
894,宜宾市南溪区金盾保安服务有限责任公司,False,894
895,靖远煤业集团有限责任公司,False,895
896,甘肃华能工程建设有限公司,False,896
897,甘肃煤炭第一工程有限责任公司,False,897
898,窑街煤电集团有限公司,False,898
899,甘肃靖煤晶虹置业有限公司,False,899
900,甘肃能源化工投资集团有限公司,False,900
901,甘肃瑞赛可循环经济产业集团有限公司,False,901
902,白银有色集团股份有限公司,False,902
903,甘肃山丹大马营新能源有限公司,False,903
904,十五冶对外工程有限公司,False,904
905,中色国际矿业股份有限公司,False,905
906,武汉市十五冶金通物资设备有限公司,False,906
907,大冶有色金属有限责任公司,False,907
908,刚波夫矿业有限公司,False,908
909,卢阿拉巴铜冶炼股份有限公司,False,909
910,昆山东华大宇汽车能源有限公司,False,910
911,上海石化爱使东方加气站有限公司,False,911
912,南通优洁能配送服务有限公司,False,912
913,宁海县瓶安燃气配送有限公司,False,913
914,张家港市华昌建筑工程有限公司,False,914
915,安道麦公司,False,915
916,中粮财务有限责任公司,False,916
917,河钢集团有限公司,False,917
918,金牛贸易,False,918
919,山西冀中能源集团矿业有限责任公司,False,919
920,河北物产,False,920
921,国际物流,False,921
922,河北物流,False,922
923,开滦集团,False,923
924,云南喜科科技有限公司,False,924
925,优印(上海)信息科技有限公司,False,925
926,咸宁恒奥产业投资发展有限公司,False,926
927,山西常晟新能源科技有限公司及其下属企业,False,927
928,绿地控股私人有限公司,False,928
929,山西东锦肥业有限公司,False,929
930,美锦国鸿(浙江)氢能科技有限公司,False,930
931,山西哈工美锦智能科技有限公司,False,931
932,江西万铜环保材料有限公司,False,932
933,金丰公社农业服务有限公司,False,933
934,诺贝丰(陕西)农业有限公司,False,934
935,山西太钢福达发展有限公司,False,935
936,太原钢铁(集团)比欧西气体有限公司,False,936
937,太原太钢大明金属科技有限公司,False,937
938,山西太钢医疗有限公司,False,938
939,江苏大明工业科技集团有限公司,False,939
940,山东宝华耐磨钢有限公司,False,940
941,上海实达精密不锈钢有限公司,False,941
942,中国宝武钢铁集团有限公司,False,942
943,常州宝菱重工机械有限公司,False,943
944,中冶南方工程技术有限公司,False,944
945,江苏共昌轧辊股份有限公司,False,945
946,山西太钢碧水源环保科技有限公司,False,946
947,首钢集团有限公司及下属企业,False,947
948,首钢集团财务有限公司,False,948
949,绍兴恒鸣,False,949
950,浙江昆盛石油化工有限公司,False,950
951,洋丰集团股份有限公司,False,951
952,广东晟景私募基金管理有限公司,False,952
953,中铝物资有限公司,False,953
954,云南金鼎锌业有限公司,False,954
955,九冶建设有限公司,False,955
956,中铝润滑科技有限公司,False,956
957,中铝智能铜创科技(云南)有限公司,False,957
958,云南冶金集团金水物业管理有限公司,False,958
959,昆明有色冶金设计研究院股份公司,False,959
960,中铜矿产资源有限公司,False,960
961,云南冶金资源股份有限公司,False,961
962,山东铝业有限公司,False,962
963,中铝国际(天津)建设有限公司,False,963
964,云南铜业(集团)有限公司,False,964
965,云南科力环保股份公司,False,965
966,上海滇晟商贸有限公司,False,966
967,湖北双环科技股份有限公司及其子公司,False,967
968,"湖北宜化集团有限责任公司及其子公司,联营企业",False,968
969,湖北宜化集团化工机械设备制造安装有限公司,False,969
970,赤峰金通铜业有限公司,False,970
971,铜陵有色金属集团财务有限公司,False,971
972,江西璞晶新材料股份有限公司,False,972
973,江西万都开发投资有限公司,False,973
974,辽宁北化鲁华化工有限公司,False,974
975,林来嵘,False,975
976,林圃生,False,976
977,际华橡胶工业有限公司,False,977
978,新兴际华集团有限公司武安分公司,False,978
979,新兴际华应急装备技术有限公司,False,979
980,新兴能源装备股份有限公司邯郸节能环保装备分公司,False,980
981,芜湖新兴际华投资管理有限公司,False,981
982,际华三五零六纺织服装有限公司,False,982
983,新兴津宝燃气(天津)有限公司,False,983
984,新兴瑞银科技有限公司,False,984
985,新兴际华伊宁县农牧科技发展有限公司,False,985
986,际华三五四二纺织有限公司襄阳家纺分公司,False,986
987,海南海药销售有限公司,False,987
988,新兴能源装备股份有限公司重型机械分公司,False,988
989,拜城县峰峰煤焦化有限公司,False,989
990,南京际华三五二一特种装备有限公司,False,990
991,中建材国际物产有限公司,False,991
992,广晟有色金属股份有限公司,False,992
993,中建丝路建设投资有限公司,False,993
994,中国建筑股份有限公司,False,994
995,中建环能科技股份有限公司,False,995
996,中建成都天府新区建设有限公司,False,996
997,长沙仁和医院,False,997
998,中建电子商务有限责任公司,False,998
999,中国建筑(南洋)发展有限公司,False,999
1000,中建科技湖北有限公司,False,1000
1001,中建科技荆门有限公司,False,1001
1002,成都轻松益家电子商务有限公司,False,1002
1003,广盐(佛山)供应链有限公司,False,1003
1004,东港市东盐化工有限公司,False,1004
1005,吉林盐业集团运销有限公司,False,1005
1006,荣成凯普生物工程有限公司,False,1006
1007,Antonoil Services DMCC,False,1007
1008,张云升,False,1008
1009,云南锡业建设集团有限公司,False,1009
1010,北方特种能源集团有限公司,False,1010
1011,淄博齐翔石油化工集团有限公司,False,1011
1012,浙江泰信物产有限公司,False,1012
1013,西部超导材料科技股份有限公司,False,1013
1014,西安泰金新能科技股份有限公司,False,1014
1015,西安赛尔电子材料科技有限公司,False,1015
1016,西安凯立新材料股份有限公司,False,1016
1017,西安稀有金属材料研究院有限公司,False,1017
1018,西安汉唐分析检测有限公司,False,1018
1019,西安赛隆增材技术股份有限公司,False,1019
1020,西北有色金属研究院,False,1020
1021,西安欧中材料科技有限公司,False,1021
1022,西安莱特信息工程有限公司,False,1022
1023,西安聚能装备技术有限公司,False,1023
1024,西安优耐特容器制造有限公司,False,1024
1025,西安赛特新材料科技股份有限公司,False,1025
1026,西安赛特思迈钛业有限公司,False,1026
1027,西部宝德科技股份有限公司,False,1027
1028,西安宝德九土新材料有限公司,False,1028
1029,西安赛福斯材料防护有限责任公司,False,1029
1030,西安瑞鑫科金属材料有限责任公司,False,1030
1031,西安秦钛思捷科技有限公司,False,1031
1032,西安九洲生物材料有限公司,False,1032
1033,西安聚能超导磁体科技有限公司,False,1033
1034,西安聚能高温合金材料科技有限公司,False,1034
1035,内蒙古金辉稀矿股份有限公司,False,1035
1036,佛山市顺德区德美化工集团有限公司,False,1036
1037,广东英农集团有限公司,False,1037
1038,北京云翔问道科技有限公司,False,1038
1039,北京金隅财务有限公司,False,1039
1040,河南神火集团总医院,False,1040
1041,Saudi Arabian Oil Company,False,1041
1042,Aramco Overseas Company B.V.,False,1042
1043,广东省广新控股集团有限公司的全资子公司,False,1043
1044,佛山市金辉高科光电材料股份有限公司,False,1044
1045,清华大学及附属单位,False,1045
1046,天府清源及附属单位,False,1046
1047,北京北方诺信科技有限公司,False,1047
1048,安徽省建筑材料科学技术研究所,False,1048
1049,中建材资源有限公司,False,1049
1050,中国国检测试控股集团西安有限公司,False,1050
1051,天津灯塔涂料工业发展有限公司,False,1051
1052,北新房屋有限公司,False,1052
1053,建材桂林地质工程勘察院有限公司,False,1053
1054,上海南方水泥有限公司,False,1054
1055,江西于都南方万年青水泥有限公司,False,1055
1056,江西兴国南方万年青水泥有限公司,False,1056
1057,中建材中研益科技有限公司,False,1057
1058,天龙新材料股份有限公司,False,1058
1059,湖南建材地质工程勘察院有限公司,False,1059
1060,中建材智能自动化研究院有限公司,False,1060
1061,中国建材检验认证集团贵州有限公司,False,1061
1062,国检测试控股集团雄安有限公司,False,1062
1063,中建材凯盛机器人(上海)有限公司,False,1063
1064,安徽节源环保科技有限公司,False,1064
1065,中铝财务有限责任公司,False,1065
1066,中铝融资租赁有限公司,False,1066
1067,中铝商业保理有限公司,False,1067
1068,铜陵金泰化工股份有限公司,False,1068
1069,中信银行股份有限公司,False,1069
1070,中信国安农业有限公司,False,1070
1071,中信红河产业开发有限公司,False,1071
1072,湖北中航冶钢特种钢销售有限公司,False,1072
1073,中信重工备件技术服务有限公司,False,1073
1074,中信科技发展有限公司,False,1074
1075,中企网络通信技术有限公司,False,1075
1076,钦州大锰锰业有限责任公司,False,1076
1077,无锡利信能源科技有限公司,False,1077
1078,徐工集团工程机械有限公司及其子公司,False,1078
1079,天津天管检测技术有限公司,False,1079
1080,中国复合材料集团有限公司及其控股子公司,False,1080
1081,郑州海迈高温材料研究院有限公司,False,1081
1082,有色矿业集团财务有限公司,False,1082
1083,中国东方资产管理股份有限公司,False,1083
1084,李学峰,False,1084
1085,中核华原钛白股份有限公司,False,1085
1086,湖北宜化集团有限责任公司,False,1086
1087,湖州久立建设有限公司,False,1087
1088,上海中泰多经国际贸易有限责任公司等4家公司,False,1088
1089,北京金隅集团股份有限公司,False,1089
1090,山西西山华通水泥有限公司,False,1090
1091,河南恒久源企业管理有限公司,False,1091
1092,谢保军,False,1092
1093,湖北宜化新材料科技有限公司,False,1093
1094,中国信达资产管理股份有限公司,False,1094
1095,深圳市高新投融资担保有限公司,False,1095
1096,深圳市资本运营集团有限公司,False,1096
1097,深圳市高新投集团有限公司,False,1097
1098,美的商业保理有限公司,False,1098
1099,招商局慈善基金会,False,1099
1100,招商局集团财务有限公司,False,1100
1101,招商银行股份有限公司,False,1101
1102,浙江沪杭甬高速公路股份有限公司,False,1102
1103,招商中铁控股有限公司,False,1103
1104,上海沪弘智创企业管理合伙企业(有限合伙),False,1104
1105,通明智云(北京)科技有限公司,False,1105
1106,神州数码控股有限公司,False,1106
1107,山石网科通信技术股份有限公司,False,1107
1108,神州数码信息服务股份有限公司,False,1108
1109,厦门国贸产业有限公司,False,1109
1110,厦门弘益进精密技术有限公司,False,1110
1111,李军,False,1111
1112,杨亚妮,False,1112
1113,南京苏宁建材设备物流贸易中心有限公司,False,1113
1114,南京苏宁房地产开发有限公司,False,1114
1115,南京苏浦建设有限公司,False,1115
1116,南京聚比特信息科技有限公司,False,1116
1117,北京苏亚医疗美容医院有限公司,False,1117
1118,江苏宁信德营销策划有限公司,False,1118
